        <item type="0" key="mqm.queue.depth[$QUEUE]" value_type="0">
          <description>Depth of $QUEUE</description>
          <ipmi_sensor></ipmi_sensor>
          <delay>30</delay>
          <history>90</history>
          <trends>365</trends>
          <status>0</status>
          <data_type>0</data_type>
          <units>dpth</units>
          <multiplier>0</multiplier>
          <delta>0</delta>
          <formula>1</formula>
          <lastlogsize>0</lastlogsize>
          <logtimefmt></logtimefmt>
          <delay_flex></delay_flex>
          <authtype>0</authtype>
          <username></username>
          <password></password>
          <publickey></publickey>
          <privatekey></privatekey>
          <params></params>
          <trapper_hosts></trapper_hosts>
          <snmp_community></snmp_community>
          <snmp_oid></snmp_oid>
          <snmp_port>161</snmp_port>
          <snmpv3_securityname></snmpv3_securityname>
          <snmpv3_securitylevel>0</snmpv3_securitylevel>
          <snmpv3_authpassphrase></snmpv3_authpassphrase>
          <snmpv3_privpassphrase></snmpv3_privpassphrase>
          <valuemapid>0</valuemapid>
          <applications>
            <application>MQ</application>
          </applications>
        </item>
