 </items>
      <templates/>
      <graphs>
        <graph name="Queues depth" width="900" height="200">
          <ymin_type>0</ymin_type>
          <ymax_type>0</ymax_type>
          <ymin_item_key></ymin_item_key>
          <ymax_item_key></ymax_item_key>
          <show_work_period>0</show_work_period>
          <show_triggers>0</show_triggers>
          <graphtype>0</graphtype>
          <yaxismin>0.0000</yaxismin>
          <yaxismax>100.0000</yaxismax>
          <show_legend>0</show_legend>
          <show_3d>0</show_3d>
          <percent_left>0.0000</percent_left>
          <percent_right>0.0000</percent_right>
          <graph_elements>